{
	"info": {
		"_postman_id": "e3b33e68-df8b-4981-8e53-5c508b1c8a62",
		"name": "MBID-Display-Albums",
		"schema": "https://schema.getpostman.com/json/collection/v2.1.0/collection.json"
	},
	"item": [
		{
			"name": "Display-albums",
			"event": [
				{
					"listen": "test",
					"script": {
						"exec": [
							"const tblHeader = pm.response.json().name;\r",
							"const albums = pm.response.json().albums;\r",
							"const template = `<table>\r",
							"  <tr><th>` + tblHeader + `</th></tr>\r",
							"  {{#each response}}\r",
							"  <tr><td>{{title}}<br><img src=\"{{image}}\"></td></tr>\r",
							"  {{/each}}\r",
							"</table>`;\r",
							"pm.visualizer.set(template, { response: albums });"
						],
						"type": "text/javascript"
					}
				}
			],
			"request": {
				"method": "GET",
				"header": [],
				"url": {
					"raw": "http://127.0.0.1:3000/mbid/4b585938-f271-45e2-b19a-91c634b5e396",
					"protocol": "http",
					"host": [
						"127",
						"0",
						"0",
						"1"
					],
					"port": "3000",
					"path": [
						"mbid",
						"4b585938-f271-45e2-b19a-91c634b5e396"
					]
				}
			},
			"response": []
		}
	]
}